派生パターン	元の読み	元の表記	派生後の読み	派生後の表記	向き
-agu:-ugaseru	ゆらぐ	揺らぐ	ゆるがせる	揺るがせる	t
-agu:-ugasu	ゆらぐ	揺らぐ	ゆるがす	揺るがす	t
-areru:-eru	わかれる	分かれる	わける	分ける	t
-aru:-eru	いかる	活かる	いける	活ける	t
-aru:-eru	もうかる	もうかる	もうける	もうける	t
-aru:-eru	もうかる	儲かる	もうける	儲ける	t
-aru:-eru	うかる	受かる	うける	受ける	t
-aru:-eru	かかる	かかる	かける	かける	t
-aru:-eru	かかる	懸かる	かける	懸ける	t
-aru:-eru	かかる	掛かる	かける	掛ける	t
-aru:-eru	かかる	架かる	かける	架ける	t
-aru:-eru	とおざかる	遠ざかる	とおざける	遠ざける	t
-aru:-eru	たすかる	助かる	たすける	助ける	t
-aru:-eru	あずかる	預かる	あずける	預ける	t
-aru:-eru	さずかる	さずかる	さずける	さずける	t
-aru:-eru	さずかる	授かる	さずける	授ける	t
-aru:-eru	はだかる	はだかる	はだける	はだける	t
-aru:-eru	のっかる	のっかる	のっける	のっける	t
-aru:-eru	のっかる	乗っかる	のっける	乗っける	t
-aru:-eru	のっかる	載っかる	のっける	載っける	t
-aru:-eru	みっかる	みっかる	みっける	みっける	t
-aru:-eru	みっかる	見っかる	みっける	見っける	t
-aru:-eru	いいつかる	言いつかる	いいつける	言いつける	t
-aru:-eru	いいつかる	言い付かる	いいつける	言い付ける	t
-aru:-eru	もうしつかる	申しつかる	もうしつける	申しつける	t
-aru:-eru	おおせつかる	仰せつかる	おおせつける	仰せつける	t
-aru:-eru	ぶっつかる	ぶっつかる	ぶっつける	ぶっつける	t
-aru:-eru	ぶつかる	ぶつかる	ぶつける	ぶつける	t
-aru:-eru	みつかる	見つかる	みつける	見つける	t
-aru:-eru	みつかる	見付かる	みつける	見付ける	t
-aru:-eru	つかる	浸かる	つける	浸ける	t
-aru:-eru	つかる	漬かる	つける	漬ける	t
-aru:-eru	ことづかる	ことづかる	ことづける	ことづける	t
-aru:-eru	ことづかる	言付かる	ことづける	言付ける	t
-aru:-eru	まかる	負かる	まける	負ける	t
-aru:-eru	あがる	あがる	あげる	あげる	t
-aru:-eru	あがる	上がる	あげる	上げる	t
-aru:-eru	あがる	挙がる	あげる	挙げる	t
-aru:-eru	あがる	揚がる	あげる	揚げる	t
-aru:-eru	さがる	下がる	さげる	下げる	t
-aru:-eru	つながる	つながる	つなげる	つなげる	t
-aru:-eru	つながる	繋がる	つなげる	繋げる	t
-aru:-eru	まがる	曲がる	まげる	曲げる	t
-aru:-eru	ひろがる	広がる	ひろげる	広げる	t
-aru:-eru	ひろがる	拡がる	ひろげる	拡げる	t
-aru:-eru	かぶさる	かぶさる	かぶせる	かぶせる	t
-aru:-eru	かぶさる	被さる	かぶせる	被せる	t
-aru:-eru	あわさる	合わさる	あわせる	合わせる	t
-aru:-eru	まざる	交ざる	まぜる	交ぜる	t
-aru:-eru	まざる	混ざる	まぜる	混ぜる	t
-aru:-eru	あたる	あたる	あてる	あてる	t
-aru:-eru	あたる	当たる	あてる	当てる	t
-aru:-eru	へだたる	隔たる	へだてる	隔てる	t
-aru:-eru	うだる	うだる	うでる	うでる	t
-aru:-eru	うだる	茹だる	うでる	茹でる	t
-aru:-eru	ゆだる	ゆだる	ゆでる	ゆでる	t
-aru:-eru	ゆだる	茹だる	ゆでる	茹でる	t
-aru:-eru	かさなる	重なる	かさねる	重ねる	t
-aru:-eru	つらなる	列なる	つらねる	列ねる	t
-aru:-eru	つらなる	連なる	つらねる	連ねる	t
-aru:-eru	うまる	埋まる	うめる	埋める	t
-aru:-eru	あかまる	赤まる	あかめる	赤める	t
-aru:-eru	たかまる	高まる	たかめる	高める	t
-aru:-eru	ふかまる	深まる	ふかめる	深める	t
-aru:-eru	かがまる	かがまる	かがめる	かがめる	t
-aru:-eru	かがまる	屈まる	かがめる	屈める	t
-aru:-eru	きまる	極まる	きめる	極める	t
-aru:-eru	きまる	決まる	きめる	決める	t
-aru:-eru	ぬくまる	ぬくまる	ぬくめる	ぬくめる	t
-aru:-eru	ぬくまる	温まる	ぬくめる	温める	t
-aru:-eru	ひくまる	低まる	ひくめる	低める	t
-aru:-eru	ふくまる	含まる	ふくめる	含める	t
-aru:-eru	おさまる	おさまる	おさめる	おさめる	t
-aru:-eru	おさまる	修まる	おさめる	修める	t
-aru:-eru	おさまる	収まる	おさめる	収める	t
-aru:-eru	おさまる	治まる	おさめる	治める	t
-aru:-eru	おさまる	納まる	おさめる	納める	t
-aru:-eru	ひきしまる	引きしまる	ひきしめる	引きしめる	t
-aru:-eru	しまる	絞まる	しめる	絞める	t
-aru:-eru	しまる	締まる	しめる	締める	t
-aru:-eru	しまる	閉まる	しめる	閉める	t
-aru:-eru	はじまる	始まる	はじめる	始める	t
-aru:-eru	おっぱじまる	おっぱじまる	おっぱじめる	おっぱじめる	t
-aru:-eru	うすまる	薄まる	うすめる	薄める	t
-aru:-eru	やすまる	休まる	やすめる	休める	t
-aru:-eru	うずまる	埋まる	うずめる	埋める	t
-aru:-eru	しずまる	鎮まる	しずめる	鎮める	t
-aru:-eru	しずまる	静まる	しずめる	静める	t
-aru:-eru	ひそまる	ひそまる	ひそめる	ひそめる	t
-aru:-eru	ひそまる	潜まる	ひそめる	潜める	t
-aru:-eru	ほそまる	細まる	ほそめる	細める	t
-aru:-eru	そまる	染まる	そめる	染める	t
-aru:-eru	いたまる	炒まる	いためる	炒める	t
-aru:-eru	かたまる	固まる	かためる	固める	t
-aru:-eru	あたたまる	暖まる	あたためる	暖める	t
-aru:-eru	あたたまる	温まる	あたためる	温める	t
-aru:-eru	たまる	たまる	ためる	ためる	t
-aru:-eru	あったまる	あったまる	あっためる	あっためる	t
-aru:-eru	あったまる	暖まる	あっためる	暖める	t
-aru:-eru	あったまる	温まる	あっためる	温める	t
-aru:-eru	あらたまる	改まる	あらためる	改める	t
-aru:-eru	たまる	溜まる	ためる	溜める	t
-aru:-eru	たまる	貯まる	ためる	貯める	t
-aru:-eru	さだまる	定まる	さだめる	定める	t
-aru:-eru	ちぢまる	縮まる	ちぢめる	縮める	t
-aru:-eru	あつまる	集まる	あつめる	集める	t
-aru:-eru	につまる	煮つまる	につめる	煮つめる	t
-aru:-eru	つまる	詰まる	つめる	詰める	t
-aru:-eru	つづまる	つづまる	つづめる	つづめる	t
-aru:-eru	つづまる	約まる	つづめる	約める	t
-aru:-eru	つとまる	つとまる	つとめる	つとめる	t
-aru:-eru	つとまる	務まる	つとめる	務める	t
-aru:-eru	つとまる	勤まる	つとめる	勤める	t
-aru:-eru	まとまる	まとまる	まとめる	まとめる	t
-aru:-eru	まとまる	纏まる	まとめる	纏める	t
-aru:-eru	もとまる	求まる	もとめる	求める	t
-aru:-eru	とまる	停まる	とめる	停める	t
-aru:-eru	とまる	止まる	とめる	止める	t
-aru:-eru	とまる	泊まる	とめる	泊める	t
-aru:-eru	とまる	留まる	とめる	留める	t
-aru:-eru	とまる	駐まる	とめる	駐める	t
-aru:-eru	とどまる	とどまる	とどめる	とどめる	t
-aru:-eru	とどまる	留まる	とどめる	留める	t
-aru:-eru	はまる	はまる	はめる	はめる	t
-aru:-eru	はまる	填まる	はめる	填める	t
-aru:-eru	はまる	嵌まる	はめる	嵌める	t
-aru:-eru	せばまる	狭まる	せばめる	狭める	t
-aru:-eru	くぼまる	くぼまる	くぼめる	くぼめる	t
-aru:-eru	くぼまる	凹まる	くぼめる	凹める	t
-aru:-eru	くぼまる	窪まる	くぼめる	窪める	t
-aru:-eru	すぼまる	すぼまる	すぼめる	すぼめる	t
-aru:-eru	すぼまる	窄まる	すぼめる	窄める	t
-aru:-eru	つぼまる	つぼまる	つぼめる	つぼめる	t
-aru:-eru	つぼまる	窄まる	つぼめる	窄める	t
-aru:-eru	はやまる	早まる	はやめる	早める	t
-aru:-eru	はやまる	速まる	はやめる	速める	t
-aru:-eru	きよまる	清まる	きよめる	清める	t
-aru:-eru	つよまる	強まる	つよめる	強める	t
-aru:-eru	からまる	からまる	からめる	からめる	t
-aru:-eru	からまる	絡まる	からめる	絡める	t
-aru:-eru	まるまる	丸まる	まるめる	丸める	t
-aru:-eru	ゆるまる	ゆるまる	ゆるめる	ゆるめる	t
-aru:-eru	ゆるまる	弛まる	ゆるめる	弛める	t
-aru:-eru	ゆるまる	緩まる	ゆるめる	緩める	t
-aru:-eru	ひろまる	広まる	ひろめる	広める	t
-aru:-eru	きわまる	極まる	きわめる	極める	t
-aru:-eru	きわまる	窮まる	きわめる	窮める	t
-aru:-eru	よわまる	弱まる	よわめる	弱める	t
-aru:-eru	うわる	植わる	うえる	植える	t
-aru:-eru	おわる	終わる	おえる	終える	t
-aru:-eru	すりかわる	すりかわる	すりかえる	すりかえる	t
-aru:-eru	かわる	代わる	かえる	代える	t
-aru:-eru	かわる	変わる	かえる	変える	t
-aru:-eru	かわる	換わる	かえる	換える	t
-aru:-eru	かわる	替わる	かえる	替える	t
-aru:-eru	たずさわる	携わる	たずさえる	携える	t
-aru:-eru	まじわる	交わる	まじえる	交える	t
-aru:-eru	すわる	すわる	すえる	すえる	t
-aru:-eru	すわる	据わる	すえる	据える	t
-aru:-eru	よこたわる	横たわる	よこたえる	横たえる	t
-aru:-eru	つたわる	伝わる	つたえる	伝える	t
-aru:-eru	そなわる	そなわる	そなえる	そなえる	t
-aru:-eru	そなわる	備わる	そなえる	備える	t
-aru:-eru	そなわる	具わる	そなえる	具える	t
-aru:-eru	くわわる	加わる	くわえる	加える	t
-eru:-aseru	ふるえる	震える	ふるわせる	震わせる	t
-eru:-aseru	そばだてる	そばだてる	そばだたせる	そばだたせる	t
-eru:-aseru	からめる	からめる	からませる	からませる	t
-eru:-aseru	からめる	絡める	からませる	絡ませる	t
-eru:-aseru	とぎれる	途切れる	とぎらせる	途切らせる	t
-eru:-aseru	まぎれる	まぎれる	まぎらせる	まぎらせる	t
-eru:-aseru	まぎれる	紛れる	まぎらせる	紛らせる	t
-eru:-aseru	おくれる	後れる	おくらせる	後らせる	t
-eru:-aseru	おくれる	遅れる	おくらせる	遅らせる	t
-eru:-aseru	ふくれる	ふくれる	ふくらせる	ふくらせる	t
-eru:-aseru	ふくれる	膨れる	ふくらせる	膨らせる	t
-eru:-aseru	こじれる	こじれる	こじらせる	こじらせる	t
-eru:-aseru	こじれる	拗れる	こじらせる	拗らせる	t
-eru:-aseru	じれる	じれる	じらせる	じらせる	t
-eru:-aseru	じれる	焦れる	じらせる	焦らせる	t
-eru:-aseru	それる	それる	そらせる	そらせる	t
-eru:-aseru	それる	逸れる	そらせる	逸らせる	t
-eru:-asu	ふるえる	震える	ふるわす	震わす	t
-eru:-asu	あける	あける	あかす	あかす	t
-eru:-asu	あける	明ける	あかす	明かす	t
-eru:-asu	かける	欠ける	かかす	欠かす	t
-eru:-asu	こける	こける	こかす	こかす	t
-eru:-asu	すける	すける	すかす	すかす	t
-eru:-asu	すける	透ける	すかす	透かす	t
-eru:-asu	とける	とける	とかす	とかす	t
-eru:-asu	とける	溶ける	とかす	溶かす	t
-eru:-asu	とける	熔ける	とかす	熔かす	t
-eru:-asu	とける	融ける	とかす	融かす	t
-eru:-asu	とける	解ける	とかす	解かす	t
-eru:-asu	ばける	化ける	ばかす	化かす	t
-eru:-asu	ふける	更ける	ふかす	更かす	t
-eru:-asu	ぼける	ぼける	ぼかす	ぼかす	t
-eru:-asu	まける	負ける	まかす	負かす	t
-eru:-asu	ふやける	ふやける	ふやかす	ふやかす	t
-eru:-asu	ぼやける	ぼやける	ぼやかす	ぼやかす	t
-eru:-asu	おちゃらける	おちゃらける	おちゃらかす	おちゃらかす	t
-eru:-asu	わらける	笑ける	わらかす	笑かす	t
-eru:-asu	とろける	とろける	とろかす	とろかす	t
-eru:-asu	とろける	蕩ける	とろかす	蕩かす	t
-eru:-asu	こげる	焦げる	こがす	焦がす	t
-eru:-asu	にげる	逃げる	にがす	逃がす	t
-eru:-asu	はげる	はげる	はがす	はがす	t
-eru:-asu	はげる	剥げる	はがす	剥がす	t
-eru:-asu	ころげる	転げる	ころがす	転がす	t
-eru:-asu	はてる	はてる	はたす	はたす	t
-eru:-asu	はてる	果てる	はたす	果たす	t
-eru:-asu	でる	出る	だす	出す	t
-eru:-asu	のべる	のべる	のばす	のばす	t
-eru:-asu	のべる	伸べる	のばす	伸ばす	t
-eru:-asu	のべる	延べる	のばす	延ばす	t
-eru:-asu	さめる	さめる	さます	さます	t
-eru:-asu	さめる	冷める	さます	冷ます	t
-eru:-asu	さめる	覚める	さます	覚ます	t
-eru:-asu	さめる	醒める	さます	醒ます	t
-eru:-asu	からめる	絡める	からます	絡ます	t
-eru:-asu	あれる	荒れる	あらす	荒らす	t
-eru:-asu	かれる	かれる	からす	からす	t
-eru:-asu	かれる	嗄れる	からす	嗄らす	t
-eru:-asu	かれる	枯れる	からす	枯らす	t
-eru:-asu	かれる	涸れる	からす	涸らす	t
-eru:-asu	きれる	切れる	きらす	切らす	t
-eru:-asu	まぎれる	まぎれる	まぎらす	まぎらす	t
-eru:-asu	まぎれる	紛れる	まぎらす	紛らす	t
-eru:-asu	おくれる	後れる	おくらす	後らす	t
-eru:-asu	おくれる	遅れる	おくらす	遅らす	t
-eru:-asu	ふくれる	ふくれる	ふくらす	ふくらす	t
-eru:-asu	ふくれる	膨れる	ふくらす	膨らす	t
-eru:-asu	くれる	暮れる	くらす	暮らす	t
-eru:-asu	しれる	知れる	しらす	知らす	t
-eru:-asu	こじれる	こじれる	こじらす	こじらす	t
-eru:-asu	こじれる	拗れる	こじらす	拗らす	t
-eru:-asu	じれる	じれる	じらす	じらす	t
-eru:-asu	じれる	焦れる	じらす	焦らす	t
-eru:-asu	ずれる	ずれる	ずらす	ずらす	t
-eru:-asu	それる	それる	そらす	そらす	t
-eru:-asu	それる	逸れる	そらす	逸らす	t
-eru:-asu	たれる	たれる	たらす	たらす	t
-eru:-asu	たれる	垂れる	たらす	垂らす	t
-eru:-asu	ちぢれる	縮れる	ちぢらす	縮らす	t
-eru:-asu	なれる	慣れる	ならす	慣らす	t
-eru:-asu	なれる	馴れる	ならす	馴らす	t
-eru:-asu	ぬれる	ぬれる	ぬらす	ぬらす	t
-eru:-asu	ぬれる	濡れる	ぬらす	濡らす	t
-eru:-asu	はれる	はれる	はらす	はらす	t
-eru:-asu	はれる	晴れる	はらす	晴らす	t
-eru:-asu	はれる	腫れる	はらす	腫らす	t
-eru:-asu	ばれる	ばれる	ばらす	ばらす	t
-eru:-asu	むれる	蒸れる	むらす	蒸らす	t
-eru:-asu	もれる	もれる	もらす	もらす	t
-eru:-asu	もれる	洩れる	もらす	洩らす	t
-eru:-asu	もれる	漏れる	もらす	漏らす	t
-eru:-asu	じゃれる	じゃれる	じゃらす	じゃらす	t
-eru:-asu	ゆれる	揺れる	ゆらす	揺らす	t
-eru:-tu	たえる	絶える	たつ	絶つ	t
-eru:-yakasu	おびえる	脅える	おびやかす	脅かす	t
-eru:-yakasu	あまえる	甘える	あまやかす	甘やかす	t
-eru:-yasu	いえる	癒える	いやす	癒やす	t
-eru:-yasu	こえる	肥える	こやす	肥やす	t
-eru:-yasu	にえる	煮える	にやす	煮やす	t
-eru:-yasu	はえる	生える	はやす	生やす	t
-eru:-yasu	ひえる	冷える	ひやす	冷やす	t
-eru:-yasu	ふえる	増える	ふやす	増やす	t
-eru:-yasu	もえる	燃える	もやす	燃やす	t
-eru:-yasu	もえる	絶える	たやす	絶やす	t
-eru:-yasu	もえる	萌える	もやす	萌やす	t
-ieru:-esu	きえる	消える	けす	消す	t
-iru:-aseru	あきる	飽きる	あかせる	飽かせる	t
-iru:-aseru	ほころびる	ほころびる	ほころばせる	ほころばせる	t
-iru:-aseru	ほころびる	綻びる	ほころばせる	綻ばせる	t
-iru:-asu	あきる	飽きる	あかす	飽かす	t
-iru:-asu	いきる	活きる	いかす	活かす	t
-iru:-asu	いきる	生きる	いかす	生かす	t
-iru:-asu	つきる	つきる	つかす	つかす	t
-iru:-asu	つきる	尽きる	つかす	尽かす	t
-iru:-asu	とじる	閉じる	とざす	閉ざす	t
-iru:-asu	みちる	充ちる	みたす	充たす	t
-iru:-asu	みちる	満ちる	みたす	満たす	t
-iru:-asu	のびる	のびる	のばす	のばす	t
-iru:-asu	のびる	伸びる	のばす	伸ばす	t
-iru:-asu	のびる	延びる	のばす	延ばす	t
-iru:-asu	ほころびる	ほころびる	ほころばす	ほころばす	t
-iru:-asu	ほころびる	綻びる	ほころばす	綻ばす	t
-iru:-eru	まじる	交じる	まぜる	交ぜる	t
-iru:-eru	まじる	混じる	まぜる	混ぜる	t
-iru:-eru	のびる	のびる	のべる	のべる	t
-iru:-eru	のびる	伸びる	のべる	伸べる	t
-iru:-eru	のびる	延びる	のべる	延べる	t
-iru:-osu	おきる	起きる	おこす	起こす	t
-iru:-osu	すぎる	過ぎる	すごす	過ごす	t
-iru:-osu	おちる	堕ちる	おとす	堕とす	t
-iru:-osu	おちる	墜ちる	おとす	墜とす	t
-iru:-osu	おちる	落ちる	おとす	落とす	t
-iru:-osu	おっこちる	落っこちる	おっことす	落っことす	t
-iru:-osu	ひる	干る	ほす	干す	t
-iru:-osu	ほろびる	亡びる	ほろぼす	亡ぼす	t
-iru:-osu	ほろびる	滅びる	ほろぼす	滅ぼす	t
-iru:-osu	おりる	下りる	おろす	下ろす	t
-iru:-osu	おりる	降りる	おろす	降ろす	t
-iru:-usu	つきる	尽きる	つくす	尽くす	t
-naru:-su	なくなる	なくなる	なくす	なくす	t
-naru:-su	なくなる	亡くなる	なくす	亡くす	t
-oru:-eru	うもる	埋もる	うめる	埋める	t
-oru:-eru	ぬくもる	ぬくもる	ぬくめる	ぬくめる	t
-oru:-eru	ぬくもる	温もる	ぬくめる	温める	t
-oru:-eru	こもる	こもる	こめる	こめる	t
-oru:-eru	こもる	籠もる	こめる	籠める	t
-oru:-eru	うずもる	うずもる	うずめる	うずめる	t
-oru:-eru	うずもる	埋もる	うずめる	埋める	t
-ou:-waseru	うるおう	潤う	うるわせる	潤わせる	t
-ou:-wasu	うるおう	潤う	うるわす	潤わす	t
-owaru:-ieru	おそわる	教わる	おしえる	教える	t
-reru:-seru	もたれる	もたれる	もたせる	もたせる	t
-reru:-seru	もたれる	凭れる	もたせる	凭せる	t
-reru:-su	たおれる	倒れる	たおす	倒す	t
-reru:-su	たおれる	斃れる	たおす	斃す	t
-reru:-su	けがれる	汚れる	けがす	汚す	t
-reru:-su	けがれる	穢れる	けがす	穢す	t
-reru:-su	ながれる	流れる	ながす	流す	t
-reru:-su	のがれる	逃れる	のがす	逃す	t
-reru:-su	はがれる	はがれる	はがす	はがす	t
-reru:-su	はがれる	剥がれる	はがす	剥がす	t
-reru:-su	かくれる	隠れる	かくす	隠す	t
-reru:-su	ほぐれる	ほぐれる	ほぐす	ほぐす	t
-reru:-su	ほぐれる	解れる	ほぐす	解す	t
-reru:-su	よごれる	汚れる	よごす	汚す	t
-reru:-su	くずれる	くずれる	くずす	くずす	t
-reru:-su	くずれる	崩れる	くずす	崩す	t
-reru:-su	はずれる	はずれる	はずす	はずす	t
-reru:-su	はずれる	外れる	はずす	外す	t
-reru:-su	みだれる	乱れる	みだす	乱す	t
-reru:-su	こなれる	こなれる	こなす	こなす	t
-reru:-su	こなれる	熟れる	こなす	熟す	t
-reru:-su	はなれる	放れる	はなす	放す	t
-reru:-su	はなれる	離れる	はなす	離す	t
-reru:-su	つぶれる	つぶれる	つぶす	つぶす	t
-reru:-su	つぶれる	潰れる	つぶす	潰す	t
-reru:-su	こぼれる	こぼれる	こぼす	こぼす	t
-reru:-su	こぼれる	溢れる	こぼす	溢す	t
-reru:-su	こぼれる	零れる	こぼす	零す	t
-reru:-su	むれる	蒸れる	むす	蒸す	t
-reru:-su	こわれる	壊れる	こわす	壊す	t
-reru:-su	こわれる	毀れる	こわす	毀す	t
-reru:-su	あらわれる	現れる	あらわす	現す	t
-reru:-su	あらわれる	表れる	あらわす	表す	t
-reru:-su	あらわれる	顕れる	あらわす	顕す	t
-reru:-tu	わかれる	分かれる	わかつ	分かつ	t
-ru:-eru	にる	煮る	にえる	煮える	i
-ru:-eru	みる	見る	みえる	見える	i
-ru:-kaseru	ねる	寝る	ねかせる	寝かせる	t
-ru:-kasu	ねる	寝る	ねかす	寝かす	t
-ru:-seru	きる	着る	きせる	着せる	t
-ru:-seru	にる	似る	にせる	似せる	t
-ru:-seru	ねる	寝る	ねせる	寝せる	t
-ru:-seru	のる	乗る	のせる	乗せる	t
-ru:-seru	のる	載る	のせる	載せる	t
-ru:-seru	あびる	浴びる	あびせる	浴びせる	t
-ru:-seru	かぶる	かぶる	かぶせる	かぶせる	t
-ru:-seru	かぶる	被る	かぶせる	被せる	t
-ru:-seru	からまる	からまる	からませる	からませる	t
-ru:-seru	からまる	絡まる	からませる	絡ませる	t
-ru:-seru	みる	見る	みせる	見せる	t
-ru:-seru	よる	寄る	よせる	寄せる	t
-ru:-su	かえる	かえる	かえす	かえす	t
-ru:-su	かえる	孵る	かえす	孵す	t
-ru:-su	かえる	帰る	かえす	帰す	t
-ru:-su	かえる	返る	かえす	返す	t
-ru:-su	かえる	還る	かえす	還す	t
-ru:-su	くつがえる	覆る	くつがえす	覆す	t
-ru:-su	ひるがえる	翻る	ひるがえす	翻す	t
-ru:-su	とおる	透る	とおす	透す	t
-ru:-su	とおる	通る	とおす	通す	t
-ru:-su	なおる	治る	なおす	治す	t
-ru:-su	なおる	直る	なおす	直す	t
-ru:-su	ちらかる	ちらかる	ちらかす	ちらかす	t
-ru:-su	ちらかる	散らかる	ちらかす	散らかす	t
-ru:-su	ころがる	転がる	ころがす	転がす	t
-ru:-su	おこる	熾る	おこす	熾す	t
-ru:-su	おこる	興る	おこす	興す	t
-ru:-su	おこる	起こる	おこす	起こす	t
-ru:-su	のこる	残る	のこす	残す	t
-ru:-su	のこる	遺る	のこす	遺す	t
-ru:-su	にごる	濁る	にごす	濁す	t
-ru:-su	ひたる	ひたる	ひたす	ひたす	t
-ru:-su	ひたる	浸る	ひたす	浸す	t
-ru:-su	わたる	渡る	わたす	渡す	t
-ru:-su	くだる	下る	くだす	下す	t
-ru:-su	くだる	降る	くだす	降す	t
-ru:-su	うつる	うつる	うつす	うつす	t
-ru:-su	うつる	写る	うつす	写す	t
-ru:-su	うつる	映る	うつす	映す	t
-ru:-su	うつる	移る	うつす	移す	t
-ru:-su	うつる	遷る	うつす	遷す	t
-ru:-su	もどる	もどる	もどす	もどす	t
-ru:-su	もどる	戻る	もどす	戻す	t
-ru:-su	やどる	宿る	やどす	宿す	t
-ru:-su	なる	なる	なす	なす	t
-ru:-su	なる	成る	なす	成す	t
-ru:-su	なる	為る	なす	為す	t
-ru:-su	いぶる	いぶる	いぶす	いぶす	t
-ru:-su	いぶる	燻る	いぶす	燻す	t
-ru:-su	かぶる	かぶる	かぶす	かぶす	t
-ru:-su	かぶる	被る	かぶす	被す	t
-ru:-su	あまる	余る	あます	余す	t
-ru:-su	からまる	からまる	からます	からます	t
-ru:-su	からまる	絡まる	からます	絡ます	t
-ru:-su	しめる	湿る	しめす	湿す	t
-ru:-su	ともる	ともる	ともす	ともす	t
-ru:-su	ともる	灯る	ともす	灯す	t
-ru:-su	ともる	点る	ともす	点す	t
-ru:-su	まわる	回る	まわす	回す	t
-ru:-su	まわる	廻る	まわす	廻す	t
-u:-areru	うむ	生む	うまれる	生まれる	i
-u:-aru	つたう	伝う	つたわる	伝わる	i
-u:-aru	ふさぐ	ふさぐ	ふさがる	ふさがる	i
-u:-aru	ふさぐ	塞ぐ	ふさがる	塞がる	i
-u:-aru	さす	刺す	ささる	刺さる	i
-u:-aseru	あう	合う	あわせる	合わせる	t
-u:-aseru	におう	におう	におわせる	におわせる	t
-u:-aseru	におう	匂う	におわせる	匂わせる	t
-u:-aseru	におう	臭う	におわせる	臭わせる	t
-u:-aseru	くう	食う	くわせる	食わせる	t
-u:-aseru	まどう	惑う	まどわせる	惑わせる	t
-u:-aseru	すまう	住まう	すまわせる	住まわせる	t
-u:-aseru	くらう	くらう	くらわせる	くらわせる	t
-u:-aseru	くらう	食らう	くらわせる	食らわせる	t
-u:-aseru	わずらう	わずらう	わずらわせる	わずらわせる	t
-u:-aseru	わずらう	煩う	わずらわせる	煩わせる	t
-u:-aseru	わらう	笑う	わらわせる	笑わせる	t
-u:-aseru	うく	浮く	うかせる	浮かせる	t
-u:-aseru	せく	せく	せかせる	せかせる	t
-u:-aseru	せく	急く	せかせる	急かせる	t
-u:-aseru	のぞく	のぞく	のぞかせる	のぞかせる	t
-u:-aseru	のぞく	覗く	のぞかせる	覗かせる	t
-u:-aseru	ひくつく	ひくつく	ひくつかせる	ひくつかせる	t
-u:-aseru	ひくつく	ヒクつく	ひくつかせる	ヒクつかせる	t
-u:-aseru	ばたつく	ばたつく	ばたつかせる	ばたつかせる	t
-u:-aseru	ばたつく	バタつく	ばたつかせる	バタつかせる	t
-u:-aseru	ちらつく	ちらつく	ちらつかせる	ちらつかせる	t
-u:-aseru	ちらつく	チラつく	ちらつかせる	チラつかせる	t
-u:-aseru	ふく	吹く	ふかせる	吹かせる	t
-u:-aseru	はたらく	働く	はたらかせる	働かせる	t
-u:-aseru	とどろく	とどろく	とどろかせる	とどろかせる	t
-u:-aseru	とどろく	轟く	とどろかせる	轟かせる	t
-u:-aseru	ゆるぐ	揺るぐ	ゆるがせる	揺るがせる	t
-u:-aseru	さわぐ	騒ぐ	さわがせる	騒がせる	t
-u:-aseru	しのぶ	しのぶ	しのばせる	しのばせる	t
-u:-aseru	しのぶ	忍ぶ	しのばせる	忍ばせる	t
-u:-aseru	ほころぶ	ほころぶ	ほころばせる	ほころばせる	t
-u:-aseru	ほころぶ	綻ぶ	ほころばせる	綻ばせる	t
-u:-aseru	すむ	すむ	すませる	すませる	t
-u:-aseru	すむ	済む	すませる	済ませる	t
-u:-aseru	すむ	澄む	すませる	澄ませる	t
-u:-aseru	からむ	からむ	からませる	からませる	t
-u:-aseru	からむ	絡む	からませる	絡ませる	t
-u:-aseru	くらむ	くらむ	くらませる	くらませる	t
-u:-aseru	ふくらむ	ふくらむ	ふくらませる	ふくらませる	t
-u:-aseru	ふくらむ	脹らむ	ふくらませる	脹らませる	t
-u:-aseru	ふくらむ	膨らむ	ふくらませる	膨らませる	t
-u:-aseru	くらむ	暗む	くらませる	暗ませる	t
-u:-aseru	くらむ	眩む	くらませる	眩ませる	t
-u:-aseru	まいる	参る	まいらせる	参らせる	t
-u:-aseru	いかる	怒る	いからせる	怒らせる	t
-u:-aseru	めぐる	めぐる	めぐらせる	めぐらせる	t
-u:-aseru	めぐる	巡る	めぐらせる	巡らせる	t
-u:-aseru	めぐる	廻る	めぐらせる	廻らせる	t
-u:-aseru	しる	知る	しらせる	知らせる	t
-u:-aseru	そる	そる	そらせる	そらせる	t
-u:-aseru	そる	反る	そらせる	反らせる	t
-u:-aseru	とる	取る	とらせる	取らせる	t
-u:-aseru	つのる	つのる	つのらせる	つのらせる	t
-u:-aseru	つのる	募る	つのらせる	募らせる	t
-iru:-asimeru	こりる	懲りる	こらしめる	懲らしめる	t
-u:-asu	あう	合う	あわす	合わす	t
-u:-asu	におう	におう	におわす	におわす	t
-u:-asu	におう	匂う	におわす	匂わす	t
-u:-asu	におう	臭う	におわす	臭わす	t
-u:-asu	くう	食う	くわす	食わす	t
-u:-asu	まどう	惑う	まどわす	惑わす	t
-u:-asu	すまう	住まう	すまわす	住まわす	t
-u:-asu	くらう	くらう	くらわす	くらわす	t
-u:-asu	くらう	食らう	くらわす	食らわす	t
-u:-asu	わずらう	わずらう	わずらわす	わずらわす	t
-u:-asu	わずらう	煩う	わずらわす	煩わす	t
-u:-asu	わらう	笑う	わらわす	笑わす	t
-u:-asu	うく	浮く	うかす	浮かす	t
-u:-asu	かく	欠く	かかす	欠かす	t
-u:-asu	うごく	動く	うごかす	動かす	t
-u:-asu	せく	せく	せかす	せかす	t
-u:-asu	せく	急く	せかす	急かす	t
-u:-asu	ばたつく	ばたつく	ばたつかす	ばたつかす	t
-u:-asu	ばたつく	バタつく	ばたつかす	バタつかす	t
-u:-asu	ちらつく	ちらつく	ちらつかす	ちらつかす	t
-u:-asu	ちらつく	チラつく	ちらつかす	チラつかす	t
-u:-asu	とく	とく	とかす	とかす	t
-u:-asu	とく	溶く	とかす	溶かす	t
-u:-asu	とく	解く	とかす	解かす	t
-u:-asu	どく	どく	どかす	どかす	t
-u:-asu	どく	退く	どかす	退かす	t
-u:-asu	ぬく	抜く	ぬかす	抜かす	t
-u:-asu	なびく	靡く	なびかす	靡かす	t
-u:-asu	ふく	吹く	ふかす	吹かす	t
-u:-asu	ときめく	ときめく	ときめかす	ときめかす	t
-u:-asu	うごめく	うごめく	うごめかす	うごめかす	t
-u:-asu	うごめく	蠢く	うごめかす	蠢かす	t
-u:-asu	ほのめく	ほのめく	ほのめかす	ほのめかす	t
-u:-asu	ほのめく	仄めく	ほのめかす	仄めかす	t
-u:-asu	ゆらめく	揺らめく	ゆらめかす	揺らめかす	t
-u:-asu	はたらく	働く	はたらかす	働かす	t
-u:-asu	おどろく	驚く	おどろかす	驚かす	t
-u:-asu	とどろく	とどろく	とどろかす	とどろかす	t
-u:-asu	とどろく	轟く	とどろかす	轟かす	t
-u:-asu	かわく	乾く	かわかす	乾かす	t
-u:-asu	わく	わく	わかす	わかす	t
-u:-asu	わく	沸く	わかす	沸かす	t
-u:-asu	わく	湧く	わかす	湧かす	t
-u:-asu	はぐ	はぐ	はがす	はがす	t
-u:-asu	はぐ	剥ぐ	はがす	剥がす	t
-u:-asu	そよぐ	そよぐ	そよがす	そよがす	t
-u:-asu	ゆるぐ	揺るぐ	ゆるがす	揺るがす	t
-u:-asu	さわぐ	騒ぐ	さわがす	騒がす	t
-u:-asu	とぶ	飛ぶ	とばす	飛ばす	t
-u:-asu	しのぶ	しのぶ	しのばす	しのばす	t
-u:-asu	しのぶ	忍ぶ	しのばす	忍ばす	t
-u:-asu	ほころぶ	ほころぶ	ほころばす	ほころばす	t
-u:-asu	ほころぶ	綻ぶ	ほころばす	綻ばす	t
-u:-asu	へこむ	へこむ	へこます	へこます	t
-u:-asu	へこむ	凹む	へこます	凹ます	t
-u:-asu	すむ	すむ	すます	すます	t
-u:-asu	すむ	済む	すます	済ます	t
-u:-asu	すむ	澄む	すます	澄ます	t
-u:-asu	なやむ	悩む	なやます	悩ます	t
-u:-asu	からむ	からむ	からます	からます	t
-u:-asu	からむ	絡む	からます	絡ます	t
-u:-asu	くらむ	くらむ	くらます	くらます	t
-u:-asu	ふくらむ	ふくらむ	ふくらます	ふくらます	t
-u:-asu	ふくらむ	脹らむ	ふくらます	脹らます	t
-u:-asu	ふくらむ	膨らむ	ふくらます	膨らます	t
-u:-asu	くらむ	暗む	くらます	暗ます	t
-u:-asu	くらむ	眩む	くらます	眩ます	t
-u:-asu	まいる	参る	まいらす	参らす	t
-u:-asu	いかる	怒る	いからす	怒らす	t
-u:-asu	とがる	とがる	とがらす	とがらす	t
-u:-asu	とがる	尖る	とがらす	尖らす	t
-u:-asu	きる	切る	きらす	切らす	t
-u:-asu	めぐる	めぐる	めぐらす	めぐらす	t
-u:-asu	めぐる	巡る	めぐらす	巡らす	t
-u:-asu	めぐる	廻る	めぐらす	廻らす	t
-u:-asu	こる	こる	こらす	こらす	t
-u:-asu	こる	凝る	こらす	凝らす	t
-u:-asu	しる	知る	しらす	知らす	t
-u:-asu	そる	そる	そらす	そらす	t
-u:-asu	そる	反る	そらす	反らす	t
-u:-asu	ちる	散る	ちらす	散らす	t
-u:-asu	てる	照る	てらす	照らす	t
-u:-asu	とる	取る	とらす	取らす	t
-u:-asu	おどる	踊る	おどらす	踊らす	t
-u:-asu	おどる	躍る	おどらす	躍らす	t
-u:-asu	なる	鳴る	ならす	鳴らす	t
-u:-asu	つのる	募る	つのらす	募らす	t
-u:-asu	へる	減る	へらす	減らす	t
-u:-asu	しめる	湿る	しめらす	湿らす	t
-u:-eru	したがう	従う	したがえる	従える	t
-u:-eru	たがう	違う	たがえる	違える	t
-u:-eru	おもいちがう	思い違う	おもいちがえる	思い違える	t
-u:-eru	よみちがう	読み違う	よみちがえる	読み違える	t
-u:-eru	そう	副う	そえる	副える	t
-u:-eru	そう	添う	そえる	添える	t
-u:-eru	かなう	かなう	かなえる	かなえる	t
-u:-eru	かなう	叶う	かなえる	叶える	t
-u:-eru	ととのう	整う	ととのえる	整える	t
-u:-eru	ととのう	調う	ととのえる	調える	t
-u:-eru	おもう	思う	おもえる	思える	t
-u:-eru	おもう	想う	おもえる	想える	t
-u:-eru	そろう	そろう	そろえる	そろえる	t
-u:-eru	そろう	揃う	そろえる	揃える	t
-u:-eru	あく	空く	あける	空ける	t
-u:-eru	あく	開く	あける	開ける	t
-u:-eru	かく	欠く	かける	欠ける	i
-u:-eru	さく	裂く	さける	裂ける	i
-u:-eru	くじく	くじく	くじける	くじける	i
-u:-eru	くじく	挫く	くじける	挫ける	i
-u:-eru	はじく	はじく	はじける	はじける	i
-u:-eru	はじく	弾く	はじける	弾ける	i
-u:-eru	うなずく	うなずく	うなずける	うなずける	i
-u:-eru	うなずく	肯く	うなずける	肯ける	i
-u:-eru	うなずく	頷く	うなずける	頷ける	i
-u:-eru	うなずく	首肯く	うなずける	首肯ける	i
-u:-eru	しりぞく	退く	しりぞける	退ける	t
-u:-eru	たく	炊く	たける	炊ける	i
-u:-eru	くだく	砕く	くだける	砕ける	i
-u:-eru	つく	つく	つける	つける	t
-u:-eru	つく	付く	つける	付ける	t
-u:-eru	つく	就く	つける	就ける	t
-u:-eru	つく	点く	つける	点ける	t
-u:-eru	つく	着く	つける	着ける	t
-u:-eru	つく	附く	つける	附ける	t
-u:-eru	つづく	続く	つづける	続ける	t
-u:-eru	とく	とく	とける	とける	i
-u:-eru	とく	溶く	とける	溶ける	i
-u:-eru	とく	解く	とける	解ける	i
-u:-eru	どく	どく	どける	どける	t
-u:-eru	どく	退く	どける	退ける	t
-u:-eru	とどく	届く	とどける	届ける	t
-u:-eru	ほどく	ほどく	ほどける	ほどける	i
-u:-eru	ほどく	解く	ほどける	解ける	i
-u:-eru	なく	泣く	なける	泣ける	i
-u:-eru	ぬく	抜く	ぬける	抜ける	i
-u:-eru	のく	のく	のける	のける	t
-u:-eru	のく	退く	のける	退ける	t
-u:-eru	さばく	さばく	さばける	さばける	i
-u:-eru	さばく	捌く	さばける	捌ける	i
-u:-eru	ひく	引く	ひける	引ける	i
-u:-eru	やぶく	破く	やぶける	破ける	i
-u:-eru	そむく	そむく	そむける	そむける	t
-u:-eru	そむく	背く	そむける	背ける	t
-u:-eru	かたむく	傾く	かたむける	傾ける	t
-u:-eru	うつむく	俯く	うつむける	俯ける	t
-u:-eru	むく	むく	むける	むける	i
-u:-eru	むく	剥く	むける	剥ける	i
-u:-eru	むく	向く	むける	向ける	t
-u:-eru	やく	妬く	やける	妬ける	i
-u:-eru	やく	灼く	やける	灼ける	i
-u:-eru	やく	焼く	やける	焼ける	i
-u:-eru	ひらく	拓く	ひらける	拓ける	i
-u:-eru	ひらく	開く	ひらける	開ける	i
-u:-eru	かしぐ	かしぐ	かしげる	かしげる	t
-u:-eru	かしぐ	傾ぐ	かしげる	傾げる	t
-u:-eru	そぐ	そぐ	そげる	そげる	i
-u:-eru	そぐ	削ぐ	そげる	削げる	i
-u:-eru	ぬぐ	脱ぐ	ぬげる	脱げる	i
-u:-eru	はぐ	はぐ	はげる	はげる	i
-u:-eru	はぐ	剥ぐ	はげる	剥げる	i
-u:-eru	もぐ	もぐ	もげる	もげる	i
-u:-eru	やわらぐ	和らぐ	やわらげる	和らげる	t
-u:-eru	うつぶす	うつ伏す	うつぶせる	うつ伏せる	t
-u:-eru	うつぶす	俯す	うつぶせる	俯せる	t
-u:-eru	たつ	勃つ	たてる	勃てる	t
-u:-eru	たつ	建つ	たてる	建てる	t
-u:-eru	たつ	立つ	たてる	立てる	t
-u:-eru	たつ	起つ	たてる	起てる	t
-u:-eru	そだつ	育つ	そだてる	育てる	t
-u:-eru	うかぶ	浮かぶ	うかべる	浮かべる	t
-u:-eru	ならぶ	並ぶ	ならべる	並べる	t
-u:-eru	ならぶ	列ぶ	ならべる	列べる	t
-u:-eru	かがむ	かがむ	かがめる	かがめる	t
-u:-eru	かがむ	屈む	かがめる	屈める	t
-u:-eru	ゆがむ	ゆがむ	ゆがめる	ゆがめる	t
-u:-eru	ゆがむ	歪む	ゆがめる	歪める	t
-u:-eru	すくむ	すくむ	すくめる	すくめる	t
-u:-eru	すくむ	竦む	すくめる	竦める	t
-u:-eru	ぬくむ	ぬくむ	ぬくめる	ぬくめる	t
-u:-eru	ぬくむ	温む	ぬくめる	温める	t
-u:-eru	ふくむ	含む	ふくめる	含める	t
-u:-eru	こむ	こむ	こめる	こめる	t
-u:-eru	こむ	込む	こめる	込める	t
-u:-eru	かなしむ	悲しむ	かなしめる	悲しめる	t
-u:-eru	いやしむ	いやしむ	いやしめる	いやしめる	t
-u:-eru	いやしむ	卑しむ	いやしめる	卑しめる	t
-u:-eru	いやしむ	賤しむ	いやしめる	賤しめる	t
-u:-eru	くるしむ	苦しむ	くるしめる	苦しめる	t
-u:-eru	すすむ	進む	すすめる	進める	t
-u:-eru	やすむ	休む	やすめる	休める	t
-u:-eru	しずむ	沈む	しずめる	沈める	t
-u:-eru	ひそむ	ひそむ	ひそめる	ひそめる	t
-u:-eru	ひそむ	潜む	ひそめる	潜める	t
-u:-eru	いたむ	いたむ	いためる	いためる	t
-u:-eru	いたむ	傷む	いためる	傷める	t
-u:-eru	いたむ	痛む	いためる	痛める	t
-u:-eru	ちぢむ	縮む	ちぢめる	縮める	t
-u:-eru	つむ	詰む	つめる	詰める	t
-u:-eru	くぼむ	くぼむ	くぼめる	くぼめる	t
-u:-eru	くぼむ	凹む	くぼめる	凹める	t
-u:-eru	くぼむ	窪む	くぼめる	窪める	t
-u:-eru	すぼむ	すぼむ	すぼめる	すぼめる	t
-u:-eru	すぼむ	窄む	すぼめる	窄める	t
-u:-eru	つぼむ	つぼむ	つぼめる	つぼめる	t
-u:-eru	つぼむ	窄む	つぼめる	窄める	t
-u:-eru	もむ	もむ	もめる	もめる	t
-u:-eru	もむ	揉む	もめる	揉める	t
-u:-eru	やむ	やむ	やめる	やめる	t
-u:-eru	やむ	止む	やめる	止める	t
-u:-eru	あからむ	赤らむ	あからめる	赤らめる	t
-u:-eru	からむ	からむ	からめる	からめる	t
-u:-eru	からむ	絡む	からめる	絡める	t
-u:-eru	ゆるむ	ゆるむ	ゆるめる	ゆるめる	t
-u:-eru	ゆるむ	弛む	ゆるめる	弛める	t
-u:-eru	ゆるむ	緩む	ゆるめる	緩める	t
-u:-eru	たわむ	たわむ	たわめる	たわめる	t
-u:-eru	いる	入る	いれる	入れる	t
-u:-eru	うる	売る	うれる	売れる	i
-u:-eru	おる	折る	おれる	折れる	i
-u:-eru	はばかる	はばかる	はばかれる	はばかれる	i
-u:-eru	はばかる	憚る	はばかれる	憚れる	i
-u:-eru	きる	切る	きれる	切れる	i
-u:-eru	ちぎる	ちぎる	ちぎれる	ちぎれる	i
-u:-eru	ひねくる	ひねくる	ひねくれる	ひねくれる	i
-u:-eru	ひねくる	捻くる	ひねくれる	捻くれる	i
-u:-eru	まくる	まくる	まくれる	まくれる	i
-u:-eru	まくる	捲る	まくれる	捲れる	i
-u:-eru	めくる	めくる	めくれる	めくれる	i
-u:-eru	めくる	捲る	めくれる	捲れる	i
-u:-eru	しゃくる	しゃくる	しゃくれる	しゃくれる	i
-u:-eru	えぐる	えぐる	えぐれる	えぐれる	i
-u:-eru	えぐる	抉る	えぐれる	抉れる	i
-u:-eru	しる	知る	しれる	知れる	i
-u:-eru	ねじる	ねじる	ねじれる	ねじれる	i
-u:-eru	ねじる	捩る	ねじれる	捩れる	i
-u:-eru	ねじる	捻る	ねじれる	捻れる	i
-u:-eru	よじる	よじる	よじれる	よじれる	i
-u:-eru	よじる	捩る	よじれる	捩れる	i
-u:-eru	こする	こする	こすれる	こすれる	i
-u:-eru	こする	擦る	こすれる	擦れる	i
-u:-eru	する	する	すれる	すれる	i
-u:-eru	する	擦る	すれる	擦れる	i
-u:-eru	けずる	削る	けずれる	削れる	i
-u:-eru	ひきつる	ひきつる	ひきつれる	ひきつれる	i
-u:-eru	ひきつる	引きつる	ひきつれる	引きつれる	i
-u:-eru	ひきつる	引き攣る	ひきつれる	引き攣れる	i
-u:-eru	つる	釣る	つれる	釣れる	i
-u:-eru	とる	取る	とれる	取れる	i
-u:-eru	とる	捕る	とれる	捕れる	i
-u:-eru	とる	採る	とれる	採れる	i
-u:-eru	とる	獲る	とれる	獲れる	i
-u:-eru	とる	穫る	とれる	穫れる	i
-u:-eru	ふる	振る	ふれる	振れる	i
-u:-eru	やぶる	破る	やぶれる	破れる	i
-u:-eru	うずもる	うずもる	うずもれる	うずもれる	i
-u:-eru	うずもる	埋もる	うずもれる	埋もれる	i
-u:-eru	よる	よる	よれる	よれる	i
-u:-eru	よる	縒る	よれる	縒れる	i
-u:-eru	わる	割る	われる	割れる	i
-u:-oeru	きく	聞く	きこえる	聞こえる	i
-u:-osu	およぶ	及ぶ	およぼす	及ぼす	t
-u:-osu	ほろぶ	亡ぶ	ほろぼす	亡ぼす	t
-u:-osu	ほろぶ	滅ぶ	ほろぼす	滅ぼす	t
-u:-su	うるおう	潤う	うるおす	潤す	t
-u:-su	にぎわう	賑わう	にぎわす	賑わす	t
-u:-seru	にぎわう	賑わう	にぎわせる	賑わせる	t
